SN,X,Y,Zn,Pb,Ag,Cu,Mo,Cr,Ni,Co,Ba
1,431434.79,3305001.94,87,7,0.02,42,2,57,38,14,393
2,432522.6,3298058.43,70,6,0.02,56,2,27,29,20,404
3,438045.35,3291987.05,75,5,0.02,69,2,44,23,17,417
4,436260.76,3294412.9,70,6,0.02,54,1,20,19,12,377
5,439294.48,3297653.81,168,14,0.02,27,2,31,18,14,277
6,441406.54,3298650.88,87,11,0.02,37,2,25,28,14,797
7,431189.97,3315353.72,113,11,0.02,40,1,110,36,13,361
8,428527.24,3315392.79,133,9,0.02,45,2,73,42,16,414
9,430881.58,3316951.45,144,8,0.02,58,1,83,39,21,617
10,427968.68,3317058.6,267,11,0.02,37,1,285,43,17,292
11,430291.89,3318273.86,133,10,0.02,61,1,76,33,18,613
12,429455.83,3318788.77,232,7,0.02,46,2,113,36,19,419
13,436292.57,3318436.97,149,11,0.02,46,2,115,47,19,659
14,438747.39,3317536.64,128,13,0.02,40,1,73,34,16,633
15,439411.54,3317322.46,133,12,0.02,38,1,108,28,13,583
16,438415.39,3318580.08,285,56,0.02,80,1,400,100,38,790
17,441486.14,3317433.25,270,55,0.02,69,2,250,118,43,1200
18,441683,3316312.84,152,54,0.02,83,2,267,140,39,930
19,442708.93,3316928.03,178,44,0.02,76,2,230,95,36,700
20,444403.48,3316321.02,272,31,0.02,59,2,235,88,34,760
21,445519.05,3317534.38,168,47,0.02,76,1,121,46,27,462
22,445505.65,3318697.98,265,62,0.02,84,2,100,65,34,420
23,447031.08,3316995.26,172,42,0.02,94,2,159,44,32,460
24,432282.94,3307911.21,178,37,0.02,66,2,115,50,22,542
25,430654.89,3310015.66,125,35,0.02,78,2,216,68,34,470
26,429902.81,3308657.31,285,64,0.02,97,2,175,64,38,640
27,428654.24,3308133.47,170,41,0.02,62,2,110,33,16,590
29,428900.57,3305937.73,752,44,1,122,1,197,128,56,415
30,428598.79,3304033.59,460,120,0.02,128,1,168,95,44,700
31,427730.88,3302753.9,132,84,0.02,100,2,40,117,39,371
32,427744.85,3301955.91,149,60,0.02,114,1,40,117,40,405
33,428844.59,3303178.74,250,174,0.02,74,2,151,147,41,350
34,430198.79,3303480.43,74,8,0.02,49,1,50,118,33,295
35,431439.12,3302597.25,92,9,0.02,56,2,54,152,46,337
36,430162.37,3302317.11,74,11,0.02,65,2,31,120,38,319
37,429475.85,3302199.7,71,10,0.02,52,1,50,104,35,437
38,428479.13,3301928.97,119,12,0.02,44,2,67,110,40,336
39,428292.92,3300024.11,72,7,0.02,78,2,23,135,49,314
40,429389.76,3299318.97,79,14,0.02,79,2,50,120,38,405
41,430258.7,3300754.13,118,17,0.02,92,2,61,135,41,419
42,443635.34,3315150.38,58,10,0.02,61,1,232,161,61,694
43,432357.23,3305838.56,141,59,0.02,53,2,60,241,36,787
44,433524.8,3304080.6,45,13,0.02,35,2,63,124,21,230
45,434361.46,3303444.08,85,14,0.02,35,1,50,85,18,221
46,432664.52,3303964.03,116,14,0.02,36,1,68,130,22,264
47,433650.62,3302506.27,63,10,0.02,33,1,28,70,13,205
48,432424.97,3302679.99,56,12,0.02,37,1,47,75,15,246
49,433689.05,3307337.53,43,12,0.02,44,2,30,48,12,282
50,435185.71,3307295.51,69,13,0.02,44,2,31,59,17,249
51,435375.19,3305044.9,157,12,0.02,23,2,17,33,12,139
52,435836.22,3306283.33,18,6,0.02,27,2,7,24,9,277
53,436303.58,3305239.06,30,2,0.02,17,2,33,35,13,91
54,437500.55,3300001.77,50,2,0.02,21,2,15,34,14,76
55,436234.17,3303222.66,135,17,0.02,46,2,67,57,14,274
56,436462.95,3307786.72,150,16,0.02,52,2,32,61,16,302
57,436836.4,3308948.13,75,13,0.02,42,1,15,42,10,382
58,442508.09,3308008.66,83,8,0.02,43,1,13,38,11,234
59,441775.78,3306438.91,123,10,0.02,42,1,29,72,16,212
60,442139.3,3305794.27,99,7,0.02,55,1,13,49,16,209
61,444695.5,3303288.09,118,22,0.02,68,2,45,96,21,431
62,442784.4,3303519.48,92,22,0.02,45,2,29,91,26,314
63,442511.61,3304917.11,85,14,0.02,53,2,47,121,27,301
64,443403.19,3305577.25,88,9,0.02,48,2,54,116,30,306
65,441426.61,3304280.04,81,14,0.02,51,1,58,74,27,359
66,440573.06,3303608.65,117,15,0.02,44,1,57,101,26,327
67,440251.68,3303111.57,58,22,0.02,64,2,80,153,43,360
68,440912.04,3307418.68,57,8,0.02,55,2,37,93,41,443
69,440635.54,3306267.62,53,9,0.02,62,2,71,129,46,341
70,440304.24,3305693.24,53,10,0.02,109,4,61,112,50,382
71,439760.95,3305230.76,99,8,0.02,48,1,93,98,49,350
72,437030.09,3305633.75,31,9,0.02,52,1,66,77,35,493
73,437944.58,3306847.51,45,8,0.02,79,2,43,97,49,459
74,438951.94,3307440.28,29,9,0.02,57,2,31,65,36,536
75,437609.42,3305608.29,53,16,0.02,71,2,62,109,39,421
76,439030.04,3305833.1,46,11,0.02,56,2,57,99,39,337
77,437900.98,3307678.82,36,14,0.02,74,2,66,88,42,532
78,431900.97,3302317.53,41,14,0.02,84,2,19,65,47,475
79,433136.13,3300470.36,23,12,0.02,43,4,73,80,33,412
80,432934.13,3298997.76,28,8,0.02,75,2,72,85,44,473
81,432234.44,3299955.02,42,14,0.02,83,2,52,94,36,615
82,430745.85,3298313.04,105,15,0.02,49,2,64,106,47,799
83,431770.05,3298273.53,48,11,0.02,73,1,23,110,47,506
84,431099.73,3299263.87,52,15,0.02,46,1,45,86,39,762
85,433535.05,3296046.55,45,17,0.02,79,2,59,102,43,458
86,434435.03,3296229.75,88,14,0.02,54,4,64,90,29,357
87,431170.29,3295052.51,27,10,0.02,93,2,58,94,45,569
88,430318.59,3294891.67,38,8,0.02,58,2,35,80,40,458
89,429724.08,3295637.91,45,15,0.02,92,2,61,159,47,480
90,430104.66,3296233.88,96,12,0.02,103,4,49,100,45,432
91,448586.28,3296643.06,20,7,0.02,41,1,38,59,29,345
92,448792.47,3297306.82,58,6,0.02,39,1,57,82,40,338
93,449983.84,3295805.46,79,6,0.02,72,1,48,118,57,338
94,448780.35,3294669.62,66,7,0.02,83,1,249,58,247,309
95,447639.88,3292636.01,56,7,0.02,69,1,63,51,70,429
96,448154.3,3293099,58,10,0.02,81,2,59,66,60,577
97,449673.96,3293479.87,74,15,0.02,68,2,143,66,40,509
98,449024.11,3293061.81,71,10,0.02,55,2,112,67,44,398
99,449883.01,3292647.9,57,11,0.02,61,2,30,45,35,486
100,450687.3,3293131.9,49,12,0.02,58,4,42,42,30,424
101,450109.09,3291328.27,63,13,0.02,56,2,118,69,42,399
102,448804.57,3291511.5,68,13,0.02,48,2,81,43,26,313
103,428233.89,3295381.3,105,8,0.02,82,2,19,40,35,303
104,428632.6,3295744.61,106,6,0.02,69,2,25,48,37,284
105,432760.73,3294267.12,86,10,0.02,69,1,51,69,35,580
106,433333.73,3294751.28,50,7,0.02,56,2,36,42,24,437
107,433924.5,3293262.98,83,10,0.02,64,2,38,68,36,454
108,434570.53,3292993.07,125,6,0.02,90,1,36,69,45,287
109,434017.78,3292697.26,139,10,0.02,44,2,69,59,35,331
110,432949.09,3291861.37,156,15,0.02,59,1,52,69,39,332
111,433906.73,3291944.43,154,20,0.02,78,2,40,79,47,402
112,431109.68,3291506.92,113,17,0.02,59,2,52,58,37,347
113,430065.54,3293053.8,46,14,0.02,58,1,39,40,26,419
114,429065.78,3292428.35,70,14,0.02,55,2,41,41,29,349
115,427896.75,3292568.79,71,35,0.02,66,2,35,42,24,468
116,451473.65,3296120.34,72,10,0.02,50,1,103,93,40,303
117,451622.06,3294634.74,82,9,0.02,41,2,46,34,26,289
118,451125.69,3298238.33,46,7,0.02,47,1,63,40,31,393
119,450300.49,3297444.13,75,7,0.02,39,1,97,48,30,350
120,447523.03,3294531.54,110,16,0.02,68,4,56,61,33,551
121,446109.52,3294050.69,108,11,0.02,72,4,91,82,49,449
122,445046.7,3294188.82,228,10,0.02,76,1,93,80,55,421
123,447029.77,3296495.22,106,9,0.02,36,1,45,48,36,336
124,446997.59,3295852.65,142,13,0.02,41,1,75,49,34,538
125,445383.23,3295816.06,173,14,0.02,47,4,133,61,38,630
126,444955.17,3297159,243,19,0.02,36,2,176,129,30,846
127,445212.92,3298520.75,358,14,0.02,65,2,250,180,56,888
128,443435.87,3298673.57,132,14,0.02,89,2,124,83,34,978
129,442343.96,3298656.97,183,14,0.02,84,2,170,116,45,732
130,442659.44,3296140.01,122,14,0.02,92,2,90,86,33,1000
131,442062.19,3294658.12,30,16,0.02,25,4,48,2,12,140
132,442028.86,3293849.44,78,7,0.02,26,4,90,9,14,157
133,441451.47,3294362.25,91,16,0.02,102,4,58,30,25,599
134,444318.97,3299466.98,15,19,0.02,59,1,125,38,20,703
135,447561.14,3298553.61,152,17,0.02,48,2,117,47,23,631
136,447642.67,3299428.65,180,18,0.02,43,2,88,35,21,627
137,444369.42,3301815.94,107,14,0.02,52,2,121,30,19,673
138,440392.27,3302324.14,180,26,0.02,80,1,148,65,25,707
139,439045.33,3301566.76,194,14,0.02,53,2,89,48,24,677
140,437532.97,3298882.45,102,18,0.02,82,1,68,33,27,727
141,435861.06,3298836.58,31,8,0.02,51,2,86,32,19,861
142,434456.88,3298312.77,47,8,0.02,43,1,35,32,26,700
143,439256.35,3299515.65,159,18,0.02,42,2,67,35,28,371
144,439530.5,3298417,2,2,0.02,11,2,16,2,2,48
145,440818.37,3297080.45,2,2,0.02,14,2,91,7,11,150
146,439585.11,3295978.93,204,16,0.02,37,2,86,18,20,481
147,439104.72,3296524.51,138,12,0.02,24,4,113,10,23,245
148,437413.17,3296456.32,86,14,0.02,25,2,45,6,11,291
149,436321.73,3296628.84,91,10,0.02,42,2,65,21,21,305
150,437754.78,3297086.15,168,6,0.02,38,2,84,23,25,284
151,436756.61,3294908.67,44,2,0.02,21,2,21,2,8,81
152,436072.24,3293560.73,118,2,0.02,32,2,56,23,26,408
153,438496.81,3293192.45,83,15,0.02,90,2,116,50,54,521
154,439281.68,3291714.37,73,9,0.02,86,2,63,58,48,489
155,439773.71,3293351.61,77,6,0.02,96,4,76,51,57,563
156,440440.36,3291464.44,63,12,0.02,41,2,73,49,55,579
1,449985.75,3274519.48,70,19,0.02,38,2,44,12,11,480
2,450279.43,3275271.62,70,27,0.02,52,2,70,29,15,540
3,450515.02,3284788.8,100,37,0.02,37,2,60,17,11,540
4,449564.61,3286410.92,150,27,0.02,31,2,75,36,12,540
5,450490.74,3288057.84,120,32,0.02,51,2,52,36,23,480
6,427673.51,3287938.29,95,16,0.02,48,2,130,58,23,850
7,430601.96,3286013.71,100,19,0.02,31,1,44,45,12,500
8,431554.12,3286683.97,58,15,0.02,35,1,23,34,10,473
9,432925.96,3286409.56,36,15,0.02,39,2,115,75,29,448
10,433847.59,3286814.1,69,32,0.02,48,2,99,51,18,470
11,434993.03,3287516.69,52,20,0.02,52,2,102,59,23,471
12,435905.8,3288142.95,62,40,0.02,64,2,29,40,16,540
13,437189.42,3289387.94,54,18,0.02,54,2,18,38,16,315
14,433605.63,3285153.44,20,11,0.02,37,2,40,32,14,514
15,432223.25,3285361.25,66,28,0.02,50,2,32,45,17,423
16,431288.03,3284336.38,39,16,0.02,46,2,58,50,19,568
17,429461.91,3289334.3,33,19,0.02,57,2,62,51,18,556
18,427592.72,3287429.02,29,14,0.02,41,2,35,27,11,416
19,429082.79,3287497.04,29,14,0.02,39,2,23,27,9,518
20,429247.49,3286000.21,30,16,0.02,41,2,34,38,13,505
21,451402.59,3275244.51,25,23,0.02,52,1,38,34,14,445
22,450587.77,3274915.62,47,29,0.02,84,2,61,56,17,365
23,449805.16,3273124.14,29,13,0.02,44,1,34,24,10,458
24,448885.01,3275266.68,74,18,0.02,52,1,105,38,14,542
25,448618.15,3276198.67,105,17,0.02,68,2,143,52,18,415
26,450722.1,3276820.95,82,35,0.02,70,4,158,46,16,442
27,450724.77,3277430.24,82,17,0.02,58,2,107,48,15,440
28,440757.67,3282010.64,70,25,0.02,42,2,110,44,12,595
29,440143.7,3281171.67,108,24,0.02,52,2,177,42,12,531
30,428773.09,3284407.48,84,23,0.02,52,2,112,50,14,428
31,427940.67,3284390.61,72,12,0.02,49,2,135,51,16,462
32,430037.31,3287014.62,72,12,0.02,44,2,108,34,10,460
33,432690.53,3287452.75,112,23,0.02,56,2,105,45,18,495
34,433614.74,3288366.83,173,18,0.02,47,2,98,40,18,338
35,435158.75,3289432.72,92,20,0.02,55,1,49,74,19,440
36,434975.06,3291084.9,120,25,0.02,92,2,84,110,31,442
37,433946.99,3290581.15,103,20,0.02,90,2,68,100,29,480
38,431302.01,3289732.86,98,18,0.02,61,2,59,84,22,380
39,439197.6,3286972.05,70,18,0.02,44,2,82,85,18,450
40,438622.4,3286110.97,82,16,0.02,45,2,44,108,26,390
41,437280.95,3284988.09,95,18,0.02,50,2,150,110,30,360
42,435383.33,3283093.11,73,26,0.02,44,1,60,108,11,560
43,434294.55,3283875.11,76,20,0.02,57,2,95,53,20,438
44,435934.4,3284696.65,83,25,0.02,48,2,90,86,20,450
45,436233.69,3286246.28,280,49,0.02,76,2,150,78,31,840
46,436986.61,3287704.58,300,53,0.02,84,2,270,147,36,700
47,438860.13,3288891.08,225,76,0.02,92,1,122,66,35,735
48,439381.65,3290561.31,270,36,0.02,80,2,147,72,39,598
49,438179.26,3289991.75,47,22,0.02,95,2,48,64,46,400
50,439321.75,3290196,54,18,0.02,121,2,36,61,36,367
51,441501.89,3279956.63,44,21,0.02,81,2,112,44,30,497
52,439787.64,3279766.4,47,16,0.02,55,2,132,99,37,381
53,438113.07,3279753.33,55,20,0.02,58,2,184,137,42,407
54,437402.71,3280821.01,48,25,0.02,82,2,144,119,37,541
55,439344.33,3281907.46,67,39,0.02,72,1,79,89,26,519
56,439698.96,3283046.84,46,32,0.02,48,2,42,36,12,270
57,439791.85,3284121.07,42,32,0.02,50,2,81,57,26,331
58,440251.88,3285115.97,47,29,0.02,68,2,164,108,46,456
59,441175.17,3284113.71,68,50,0.02,79,2,98,116,44,447
60,432839.01,3283174.45,32,20,0.02,55,1,51,43,19,404
61,430233.7,3282824.73,43,18,0.02,51,2,34,37,22,282
62,428686.27,3281438.26,22,6,0.02,73,2,105,65,31,233
63,429128.77,3282521.4,44,25,0.02,82,2,66,65,23,287
64,429334.83,3281478.53,66,7,0.02,65,2,93,155,38,195
65,428174.97,3281674.23,58,8,0.02,32,2,68,91,27,249
66,430444.6,3280939.6,42,2,0.02,38,2,54,91,28,190
67,430598.28,3280716.94,48,8,0.02,32,2,126,146,37,387
68,431032.74,3279018.98,50,9,0.02,34,2,105,131,35,392
69,431598.71,3278151.08,117,15,0.02,46,2,153,120,42,371
70,430022.82,3276953.12,84,15,0.02,45,2,249,225,41,400
71,430135.7,3277938.59,94,20,0.02,45,2,124,200,39,307
72,428919.21,3276948.85,100,19,0.02,48,1,213,168,39,317
73,429134.15,3275717.62,113,22,0.02,47,1,192,179,35,229
74,430017.26,3274459.81,41,9,0.02,48,4,102,245,33,248
75,428395.05,3273694.36,180,20,0.02,62,1,75,148,29,130
76,427773.83,3278031.12,112,12,0.02,27,1,52,246,22,195
77,429096.18,3278886.91,223,8,0.02,30,2,44,130,27,140
78,430069.55,3279767.44,78,12,0.02,36,2,64,151,20,231
79,430553.03,3263996.04,7,2,0.02,9,2,22,18,7,15
80,432001.55,3264696.5,7,2,0.02,18,2,78,66,13,31
81,449943.42,3265001.36,29,2,0.02,16,2,37,39,20,102
82,450065.6,3266374.76,8,2,0.02,11,1,10,16,5,93
83,450234.83,3267360.35,64,8,0.02,50,1,27,45,11,316
84,440275.15,3287675.54,65,8,0.02,60,1,32,48,10,306
85,440832.78,3288880.46,83,18,0.02,135,4,68,149,40,348
86,441992.61,3286868.64,56,5,0.02,41,1,30,42,9,236
87,443028.25,3286985.27,73,9,0.02,52,1,32,48,11,319
88,443906.37,3286526.42,79,12,0.02,46,1,30,44,9,291
89,443313.03,3285875.7,54,5,0.02,56,1,33,48,11,251
90,444753.01,3285580.43,93,12,0.02,50,2,31,50,10,269
91,445233.08,3284890.97,77,12,0.02,49,1,37,41,9,314
92,443983.42,3284520.53,75,13,0.02,64,4,27,47,9,292
93,444782.15,3283707.51,83,8,0.02,63,2,25,52,10,291
94,444412.88,3283376.88,91,24,0.02,48,2,39,62,9,436
95,445948.91,3282870.79,107,11,0.02,64,2,23,53,10,350
96,445903.49,3285463.85,109,17,0.02,56,2,34,45,10,301
97,442368.5,3282833.27,76,33,0.02,48,2,99,145,26,649
98,443292.43,3281809.21,44,17,0.02,60,1,92,57,17,524
99,445265.07,3281544.51,48,12,0.02,55,1,74,76,19,487
100,444309.86,3287964.98,96,58,0.02,46,1,51,105,24,409
101,444844.9,3288571.86,112,39,0.02,25,1,67,70,27,323
102,445388.13,3286940.1,96,11,0.02,49,2,119,186,44,283
103,446097.84,3287656.94,121,22,0.02,62,8,184,203,47,441
104,447423.73,3287772.57,36,80,0.02,45,4,173,130,32,293
105,447637.86,3286065.13,361,57,0.02,84,4,290,168,44,750
106,445148.43,3289301.64,318,88,0.02,62,2,90,62,27,910
107,445751.68,3290074.36,339,52,0.02,42,2,108,48,34,890
108,446908.25,3287221.06,8,2,0.02,22,2,158,81,33,148
109,448876.17,3286037.21,2,2,0.02,14,1,36,37,8,188
110,446359.07,3281572.4,51,6,0.02,45,2,149,135,36,480
111,440163.55,3277625.74,54,2,0.02,22,1,128,79,29,286
112,449349.03,3287941,15,8,0.02,52,1,62,70,30,167
113,450767.84,3289485.97,65,15,0.02,36,1,41,45,26,418
114,449760.82,3289180.19,77,19,0.02,51,2,71,83,30,451
115,449083.87,3289183.25,80,17,0.02,45,2,83,144,42,452
116,449640.07,3290299.83,62,16,0.02,37,4,114,157,46,464
117,436079.64,3277936.33,37,7,0.02,32,1,46,42,19,397
118,436453.54,3275551.86,70,13,0.02,38,2,89,85,31,439
119,435121.33,3276279.76,42,6,0.02,21,1,98,76,22,452
120,435605.23,3274548.33,57,10,0.02,55,1,100,83,33,412
121,432660.3,3275972.79,51,11,0.02,39,2,96,79,38,459
122,436367.06,3272283.39,64,9,0.02,35,1,91,95,37,444
123,435130.31,3271115.98,63,17,0.02,76,1,126,156,49,379
124,433482.92,3274294.82,69,7,0.02,35,2,121,63,36,329
125,432098.57,3274336.28,59,36,0.02,75,2,291,174,36,419
126,432066.73,3272308.55,106,30,0.02,59,2,205,135,53,360
127,430508.36,3272451.23,81,20,0.02,49,4,127,177,53,504
128,435912.18,3279133.96,56,2,0.02,16,8,66,57,30,158
129,434918.93,3279782.41,35,2,0.02,21,2,132,120,24,555
130,433559.65,3277397.02,81,11,0.02,55,4,118,150,38,421
131,434250.12,3277935.92,59,7,0.02,45,2,138,109,36,350
132,434381.12,3275519.39,50,8,0.02,39,2,137,124,45,465
133,437848.66,3272208.73,29,2,0.02,23,2,193,112,31,272
134,437706.94,3274569.66,55,10,0.02,38,2,179,147,30,442
135,438034.97,3276108.17,47,8,0.02,37,4,191,121,24,324
136,434471.05,3269335.79,138,13,0.02,52,2,266,273,49,283
137,434513.4,3268294.01,166,44,0.02,46,1,128,353,57,170
138,433438.94,3266859.75,109,2,0.02,39,1,192,185,41,177
139,434919.64,3266507.66,80,7,0.02,54,2,204,166,59,331
140,433285.87,3270473.06,100,11,0.02,73,1,52,143,75,567
141,432167.81,3269770.45,150,22,0.02,107,2,116,174,90,429
142,428129.19,3270017.23,142,45,0.02,78,2,178,116,54,414
143,428422.8,3268940.42,88,14,0.02,72,2,1200,1200,180,158
144,429372.33,3270474.76,198,82,0.02,103,2,63,75,51,380
145,429854.8,3268610.15,252,13,0.02,46,2,140,138,50,321
146,430822.57,3270011.34,209,36,0.02,51,1,29,80,47,360
147,443584.92,3289952.15,182,11,0.02,38,2,39,89,49,155
148,444071.08,3290459.27,141,13,0.02,43,2,45,90,50,185
149,444648.96,3289980.01,212,67,0.02,67,2,27,59,32,603
150,444374.17,3289172.53,138,23,0.02,23,1,10,16,16,90
151,430715.04,3265147.54,93,2,0.02,40,4,97,62,35,179
152,432286.45,3266944.19,112,14,0.02,70,2,189,138,55,355
153,431114.11,3266984.48,109,5,0.02,74,2,107,112,49,132
154,431437.54,3266007.33,139,2,0.02,67,2,150,74,61,172
156,429679.79,3266982.35,236,5,0.02,78,2,375,117,54,210
157,428243.45,3265096.43,76,2,0.02,42,2,364,110,42,165
158,427808.99,3263880.34,168,9,0.02,103,2,755,246,70,336
159,431304.15,3267958.49,290,8,0.02,57,2,192,121,57,424
160,429557.85,3290740.92,341,30,0.02,78,1,115,115,54,805
161,435864.65,3265682.21,232,14,0.02,55,2,154,104,43,343
162,436284.17,3266189.6,235,18,0.02,61,1,118,88,44,458
163,437604.06,3268276.46,202,7,0.02,40,2,102,65,32,642
164,437327.21,3267280.64,387,13,0.02,36,1,154,91,56,440
165,436895.72,3269831.71,203,14,0.02,60,2,192,107,41,707
166,442335.3,3270688.91,141,12,0.02,34,2,101,31,19,480
167,441313.37,3269807.8,169,13,0.02,40,2,207,51,33,471
168,440108.55,3269104.87,113,12,0.02,31,2,177,43,20,500
169,440374.15,3271729.67,104,18,0.02,57,2,147,47,23,720
170,438943.11,3272213.73,81,14,0.02,41,2,153,52,24,577
171,440065.42,3273770.19,68,13,0.02,40,2,251,55,23,838
172,439589.44,3275324.04,108,14,0.02,54,2,136,51,24,530
173,441550.35,3274371.68,133,9,0.02,48,4,176,50,29,431
174,443182.04,3273421.54,70,17,0.02,42,2,176,41,24,484
175,441911.11,3272984.85,83,13,0.02,65,2,152,54,31,587
176,443419.24,3280090.93,135,20,0.02,59,2,194,51,25,789
177,445687.53,3278827.68,58,10,0.02,29,4,99,13,17,303
178,440845.9,3276691.33,132,20,0.02,64,4,191,53,28,616
179,442010.04,3277117.47,269,16,0.02,31,4,189,31,29,354
180,445350.02,3265144.64,155,2,0.02,12,2,62,10,9,105
181,446571.44,3269249.65,196,8,0.02,17,2,74,5,18,241
182,446672.68,3270179.93,214,8,0.02,32,1,107,25,33,435
183,447263.57,3270177.15,118,2,0.02,17,4,100,9,20,286
184,446547.01,3268230.45,245,9,0.02,19,2,83,7,18,206
185,445242,3268857.23,45,2,0.02,11,2,96,9,26,128
186,444996.73,3268204.52,2,2,0.02,2,1,10,2,2,32
187,444285.52,3267443.58,2,2,0.02,2,2,49,2,7,74
188,447609.88,3269632.58,100,7,0.02,17,2,89,15,32,443
189,444377.96,3268495.84,80,8,0.02,17,2,84,12,29,261
190,443031.49,3266596.65,19,2,0.02,10,2,32,5,22,51
191,445744.35,3266494.5,2,2,0.02,9,2,97,7,25,94
192,447033.25,3266543.73,36,32,0.02,47,2,103,50,14,764
193,448093.39,3267414.19,37,10,0.02,60,4,146,80,22,907
194,438056.64,3264207.21,53,16,0.02,46,2,114,74,20,894
195,438328.18,3265989.7,90,15,0.02,57,2,54,63,22,600
196,439892.96,3266867.85,36,10,0.02,36,1,95,55,13,819
197,439754.89,3264619.22,44,13,0.02,26,2,86,48,13,637
198,441021.8,3264091.55,51,28,0.02,43,2,46,49,15,583
199,441569.86,3265108.23,66,9,0.02,68,2,79,68,27,506
200,451134.75,3278204.09,177,14,0.02,40,2,228,49,45,433
201,451116.38,3278481.25,214,12,0.02,40,2,131,45,42,542
202,451351.6,3281372.29,78,10,0.02,28,2,104,31,28,443
203,450729.36,3280743.5,36,11,0.02,47,2,116,40,34,729
204,450198.79,3281067.1,74,6,0.02,23,2,97,23,34,434
205,451410.11,3283710.17,30,11,0.02,23,1,117,30,21,379
206,450799.03,3283325.02,129,7,0.02,25,1,98,27,33,467
207,449890.01,3283428.59,31,13,0.02,41,2,129,38,33,595
208,443919.22,3277517.78,154,12,0.02,35,2,165,42,47,536
209,443470.11,3278683.51,50,15,0.02,50,2,253,54,46,642
210,441664.06,3266448.52,89,10,0.02,70,2,80,50,49,343
211,448960.28,3268329.99,55,16,0.02,44,2,177,44,42,574
1,412741.32,3290782.1,101,33,0.02,32,1,100,71,18,595
2,411771.6,3290424.05,148,41,0.02,38,1,135,70,23,555
3,413550.77,3290410.14,160,28,0.02,61,1,105,100,29,650
4,414899.18,3288427.31,85,25,0.02,33,1,91,39,12,550
5,414513.88,3287355.25,80,22,0.02,32,1,110,38,14,555
6,413749.12,3286042.41,80,25,0.02,28,1,79,29,9,524
7,412777.82,3284298.98,78,24,0.02,32,1,111,50,16,530
8,410593.81,3283429.74,100,24,0.02,41,1,155,60,17,491
9,409214.07,3282764.89,101,31,0.02,31,1,112,49,16,500
10,409765.99,3283957.19,101,51,0.02,42,1,156,71,19,495
11,410053.37,3284808.17,125,53,0.02,55,1,85,34,14,700
12,411079.66,3286129.89,149,38,0.02,32,1,115,43,16,500
13,412435.62,3287548.67,88,32,0.02,33,1,106,39,14,495
14,412959.06,3287666.54,81,31,0.02,31,1,82,30,7,490
15,425575.71,3288140.39,100,30,0.02,33,1,150,31,10,500
16,426838.35,3288929.93,160,61,0.02,60,1,80,51,20,4650
17,426317.54,3290628.88,199,60,0.02,65,1,66,51,23,550
18,425171.7,3289905.2,162,66,0.02,59,1,89,50,19,510
19,422710.73,3287838.56,105,50,0.02,81,1,155,61,31,540
20,423085.01,3288822.19,105,48,0.02,75,1,60,30,16,405
21,419620.2,3288525.31,145,62,0.02,36,1,44,20,13,530
22,417976.07,3287218.55,120,38,0.02,43,1,60,21,12,610
23,417893.8,3289180.62,141,42,0.02,58,1,110,58,22,550
24,418135.93,3290552.92,155,53,0.02,61,1,96,40,17,510
25,419814.2,3289953.36,160,92,0.02,50,1,66,22,13,500
26,420536.02,3290812.68,210,160,0.02,56,1,240,100,29,555
27,418703.23,3284808.57,90,32,0.02,41,1,110,39,19,480
28,417000.27,3284765.69,89,36,0.02,46,1,68,34,17,600
29,420764.51,3286201.03,82,32,0.02,32,1,70,28,13,536
30,423001.45,3285099.43,156,42,0.02,1200,1,104,101,75,520
31,423881.04,3286412.09,56,320,0.02,34,1,84,32,19,1200
32,426589.42,3287823.41,62,27,0.02,42,1,100,22,13,385
33,426740.46,3287279.43,44,44,0.02,45,1,108,18,15,558
34,424912.2,3285817.75,70,49,0.02,36,1,82,17,13,342
35,425939.29,3286043.61,124,39,0.02,62,1,42,19,17,242
36,426654.47,3285983.52,22,28,0.02,40,1,79,13,12,430
37,405413.79,3272778.32,105,32,0.02,62,1,255,62,31,232
38,406296.66,3271773.7,90,36,0.02,44,1,248,116,28,195
39,403858.36,3273234.75,127,26,0.02,52,1,480,70,34,170
40,404672.7,3272186.2,78,29,0.02,52,1,205,52,28,228
41,403373.53,3274302.73,60,30,0.02,48,1,265,52,22,180
42,404648.84,3275078.76,120,42,0.02,73,1,320,93,37,220
43,406910.67,3272245.01,85,28,0.02,60,1,360,70,30,80
44,408985.8,3272505.12,110,43,0.02,65,1,245,48,29,330
45,408180.97,3273586.46,130,30,0.02,68,1,210,70,24,295
46,410253.18,3271065.27,108,22,0.02,69,1,195,62,23,240
47,410410.06,3272526.87,63,20,0.02,38,1,110,49,15,170
48,411190.13,3273185.62,135,26,0.02,46,1,205,59,19,240
49,409838.64,3273750.37,150,22,0.02,30,1,190,46,16,150
50,412197.28,3273177.71,190,26,0.02,93,1,360,80,26,190
51,412473.16,3272543.8,160,21,0.02,79,1,520,120,36,175
52,413272.68,3273202.54,130,22,0.02,68,1,450,125,35,215
53,413989.6,3273219.23,115,18,0.02,56,1,235,75,24,240
54,412252.55,3271548.31,100,21,0.02,68,1,260,100,26,130
55,412758.27,3271810.27,110,18,0.02,65,1,245,90,27,160
56,414787.08,3272359.89,175,22,0.02,70,1,245,70,22,210
57,414705.9,3270620.79,142,25,0.02,71,1,360,76,25,144
58,414160.56,3271511.39,325,19,0.02,68,1,330,82,20,140
59,415983.19,3271719.13,118,22,0.02,56,1,150,33,11,152
60,405030.91,3281325.7,72,19,0.02,48,1,130,17,8,315
61,406673.02,3280901.85,232,48,0.02,82,1,330,254,26,265
62,406311.21,3281658.4,62,32,0.02,40,1,59,8,2,345
63,407148.93,3283435.59,44,24,0.02,42,1,75,12,6,330
64,408373.34,3285276.24,51,29,0.02,49,2,170,56,18,550
65,409051.17,3286522.86,51,39,0.02,48,2,105,45,16,520
66,410286.14,3287321.79,72,32,0.02,50,2,125,41,16,510
67,409370.41,3288891.83,100,39,0.02,60,1,140,59,24,560
68,405713.38,3291105.14,25,34,0.02,38,2,120,30,11,550
69,405107.83,3290390.12,32,30,0.02,38,2,60,18,9,450
70,418180.11,3271426.05,85,28,0.02,65,1,245,126,32,222
71,418911.39,3270755.82,64,20,0.02,57,2,246,82,27,188
72,420073.48,3272032.98,70,19,0.02,45,1,200,90,27,200
73,420637.93,3272427.81,54,20,0.02,53,1,175,50,21,176
74,427316.89,3268703.82,66,25,0.02,76,2,283,102,36,186
75,426857.87,3271155.75,66,42,0.02,58,2,88,62,23,335
76,426476.89,3270648.44,128,22,0.02,320,1,73,74,29,281
77,427232.8,3270732.09,105,35,0.02,49,4,78,50,24,330
78,425151,3270878.69,110,26,0.02,34,2,288,345,40,132
79,425684.68,3269545.52,128,36,0.02,56,2,470,460,56,462
80,423479.21,3270070.09,78,25,0.02,89,1,260,116,43,182
81,423236.7,3271412.58,82,26,0.02,42,1,365,170,34,220
82,419385.89,3273434.12,119,28,0.02,52,1,121,42,28,289
83,417204.84,3270513.35,78,22,0.02,73,1,290,92,39,192
84,415613.14,3268840.85,89,27,0.02,62,1,295,71,34,238
85,414572.2,3268294.73,70,22,0.02,66,1,330,88,40,95
86,412357.96,3267669,155,16,0.02,80,1,260,40,39,290
87,412420.15,3265729.27,100,14,0.02,62,1,200,18,28,281
88,416726.2,3270007.08,155,16,0.02,75,1,310,41,34,220
89,411675.73,3265945.6,146,16,0.02,88,1,80,19,31,300
90,410959.73,3266106.37,160,12,0.02,101,2,120,15,32,265
91,409751.12,3265229.33,159,20,0.02,91,2,240,28,33,292
92,404689.76,3266213.05,160,19,0.02,70,2,351,33,35,288
93,406032.7,3269149.46,150,14,0.02,71,1,301,32,33,275
94,404798.27,3268727.59,155,16,0.02,69,2,260,41,30,295
95,403323.82,3268518.65,160,17,0.02,57,1,290,26,31,345
96,405660.54,3267523.58,145,19,0.02,62,2,290,25,28,300
97,406931.67,3267723.53,155,20,0.02,78,2,390,46,42,360
98,406438.08,3265489.05,205,16,0.02,79,2,300,39,38,230
99,406147.23,3264305.93,151,16,0.02,74,2,250,26,32,265
100,409151.43,3264225.73,156,22,0.02,79,1,245,19,30,240
101,410501.74,3264580.8,143,22,0.02,75,1,188,42,17,178
102,425973.96,3272280.66,410,56,0.02,89,1,90,59,23,339
103,424678.94,3272677.1,230,68,0.02,79,1,63,84,13,285
104,423374.63,3273162.31,184,36,0.02,74,1,58,31,14,215
105,403215.17,3264906.9,180,34,0.02,78,2,269,53,18,152
106,404810.83,3267896.4,132,29,0.02,78,2,172,32,13,160
107,423997.28,3273612.5,215,36,0.02,72,1,156,69,15,153
108,422062.83,3273936.02,206,31,0.02,72,2,63,32,16,315
109,420786.97,3274332.79,265,60,0.02,74,1,92,27,13,290
110,405819.11,3285264.05,212,35,0.02,60,2,84,19,11,442
111,406489.91,3285635.3,75,33,0.02,38,2,58,6,2,475
112,404366.98,3285165.61,96,29,0.02,49,2,54,19,9,375
113,404943.32,3286967.08,85,34,0.02,48,1,38,16,6,358
114,405629.45,3288025.1,98,27,0.02,52,1,125,21,8,422
115,407021.6,3287924.87,75,29,0.02,54,1,72,15,2,362
116,405688.27,3286949.78,255,54,0.02,82,1,400,170,56,760
117,403742.62,3278954.13,180,321,0.02,52,1,120,52,25,437
118,426863.67,3276530.05,123,20,0.02,46,1,60,39,21,223
119,424794.81,3275524.13,130,18,0.02,42,2,92,54,16,340
120,423414.7,3276220.58,150,17,0.02,36,2,93,48,25,328
121,425647.71,3284427.8,104,24,0.02,36,1,62,36,16,431
122,424552.02,3284069.48,198,44,0.02,43,1,56,42,11,890
123,425257.36,3283898.41,153,67,0.02,62,1,60,42,17,480
124,420131.16,3286914.86,132,27,0.02,34,2,62,35,15,456
125,427122.72,3265657.78,240,18,0.02,29,1,300,118,22,162
126,426822.06,3264163.78,268,15,0.02,78,1,920,185,42,155
127,422622.15,3263770.8,185,24,0.02,78,1,355,186,43,188
128,423877.1,3264415.98,267,32,0.02,82,1,662,272,52,149
129,422974.46,3264244.78,350,30,0.02,83,1,615,300,54,175
130,422356.62,3264625.87,340,34,0.02,90,1,460,218,46,245
131,419298.57,3274753.42,150,18,0.02,43,1,120,60,27,320
132,418314.4,3275259.13,161,21,0.02,75,1,132,72,25,261
133,416533.61,3272790.01,288,68,0.02,92,1,160,43,18,222
134,414719.99,3273745.45,178,65,0.02,58,1,90,15,8,228
135,414840.42,3275595.22,172,62,0.02,70,2,54,16,13,195
136,413258.27,3276360.84,155,45,0.02,52,2,27,90,27,210
137,426226.45,3275337.31,123,51,0.02,32,2,120,60,14,270
138,426476.51,3277984.17,145,34,0.02,45,1,178,74,18,420
139,425756.71,3278930.72,128,29,0.02,25,1,115,16,32,210
140,424910.69,3279811.79,168,25,0.02,46,1,252,55,18,478
141,424443.31,3280867.71,142,28,0.02,50,1,236,70,18,435
142,426204.99,3280889.15,110,24,0.02,64,1,240,62,12,410
143,423690.57,3279742.46,130,35,0.02,50,1,188,78,22,385
144,423446.09,3280819.1,142,34,0.02,46,1,150,84,21,410
145,422431.12,3280981.22,160,36,0.02,108,1,178,75,28,585
146,424427.75,3277133.33,141,32,0.02,46,1,197,59,18,448
147,425936.27,3282686.2,180,29,0.02,77,1,205,78,22,475
148,425110.49,3282192.89,145,34,0.02,58,1,200,64,18,495
149,424004.45,3281812.49,140,29,0.02,72,1,165,55,22,480
150,422874.11,3282097.31,700,23,1,51,1,260,74,27,372
151,412720.05,3274359.38,132,51,0.02,39,2,223,76,22,220
152,411533.02,3276141.59,125,44,0.02,38,2,490,94,22,205
153,410587.28,3275340.19,140,46,0.02,42,2,127,81,20,208
154,410143.98,3276817.58,175,40,0.02,120,2,480,34,28,450
155,407411.77,3276596.08,240,56,0.02,73,1,700,60,37,250
156,406429.47,3276094.41,135,32,0.02,39,2,265,21,23,215
157,408246.29,3275658.37,130,28,0.02,45,1,375,19,24,245
158,409245.45,3274641.82,120,27,0.02,37,1,435,18,24,210
159,410361.85,3281060.06,250,42,0.02,100,1,245,60,38,220
160,412712.99,3280952.94,285,34,0.02,83,1,500,69,45,700
161,413803.28,3280467.87,155,26,0.02,63,1,170,11,24,255
162,413887.32,3280112.77,610,60,0.02,150,1,78,85,62,333
163,414582.75,3279885.73,300,55,0.02,75,1,420,25,35,650
164,415141.02,3280756.96,155,38,0.02,75,1,340,16,28,360
165,416006.42,3280007.92,160,35,0.02,70,2,300,26,29,1200
166,416053.33,3281093.55,139,48,0.02,101,1,110,8,30,320
167,416545.95,3280956.92,231,48,0.02,92,1,280,16,31,300
168,417565.94,3280129.29,165,48,0.02,85,1,160,14,26,292
169,417435.08,3280762.01,195,41,0.02,125,1,245,10,32,250
170,413702.17,3282441.32,91,41,0.02,150,1,82,2,19,425
171,405545.48,3280346.09,195,65,0.02,100,1,899,125,70,320
172,411478.12,3280231.09,390,68,1,190,1,265,60,58,295
173,410664.1,3280115.8,235,56,0.02,70,1,160,7,29,325
174,408412.74,3277042.09,240,68,0.02,101,1,62,9,32,490
175,408800.47,3278302.27,200,62,0.02,122,1,121,10,33,485
176,408006.67,3278286.56,144,110,0.02,85,1,500,48,51,420
177,407288.76,3278115.13,480,70,1,155,1,291,65,72,600
178,406221.74,3277891.29,179,53,0.02,100,1,140,10,38,380
179,405011.79,3277934.86,156,50,0.02,75,2,180,28,43,410
180,415543.77,3282803.93,150,48,0.02,139,2,149,7,38,605
181,417305.67,3284187.04,149,70,0.02,85,2,101,2,31,515
182,416518.07,3283705.27,159,61,0.02,69,2,125,2,29,505
183,420032.57,3281274.96,125,42,0.02,56,1,46,56,25,302
184,420440.91,3280130.71,140,32,0.02,94,1,120,96,35,280
185,420868.33,3279008.53,150,36,0.02,110,2,73,68,24,248
186,421559.41,3279557.65,100,40,0.02,74,2,156,102,34,400
187,419217.52,3279607.67,162,42,0.02,66,1,500,103,30,248
188,418912.03,3277548.69,140,36,0.02,48,1,143,69,27,385
189,421265.17,3277620.49,141,38,0.02,48,1,206,112,54,445
190,422323.73,3278056.33,82,41,0.02,52,1,112,52,23,380
191,422390.56,3276560.08,193,28,0.02,46,2,62,76,33,404
192,420909.88,3276625.8,123,38,0.02,72,1,120,80,28,448
193,404060.75,3277676.84,360,62,1,103,1,85,255,63,504
194,427307.32,3282233.79,142,27,0.02,39,1,188,76,19,420
195,426965.14,3283144.85,88,27,0.02,74,1,127,65,19,398
196,427269.98,3283929.54,105,32,0.02,46,1,86,55,16,515
197,420984.71,3283152.06,105,27,0.02,46,1,99,66,20,492
198,421869.54,3283733.22,105,27,0.02,44,1,118,84,18,430
199,418297.37,3276877.22,290,20,0.02,32,1,84,65,25,285
200,416928.73,3276455.03,200,42,0.02,100,1,100,92,22,360
201,416884.37,3278294.84,330,34,0.02,50,1,330,158,33,540
202,415662.02,3277960.5,235,32,0.02,50,1,132,129,30,660
203,415137.63,3266218.07,190,42,0.02,91,1,318,132,43,255
204,413290.9296,3265040.613,160,42,0.02,82,1,180,90,35,335
205,414778.62,3264846.73,160,51,0.02,95,1,318,132,43,295
206,418832.51,3263808.43,215,15,0.02,100,1,700,140,42,150
207,419854.83,3264466.05,240,28,0.02,98,1,212,158,43,118
208,416604.46,3264046.4,530,45,0.02,127,1,550,238,61,178
209,417480.74,3264538.55,225,19,0.02,94,1,365,185,54,182
210,417369.39,3265237.48,242,38,0.02,128,1,262,168,52,178
211,421031.9,3273333.66,250,35,0.02,94,1,155,165,50,390
212,421413.35,3272511.13,268,32,0.02,122,1,224,159,52,440
213,422085.96,3270290.16,310,44,0.02,112,1,262,150,50,382
214,422775.55,3269155.08,360,28,0.02,100,1,540,300,48,250
215,421127.66,3269022.57,315,35,0.02,65,1,308,80,32,420
216,421355.26,3268322.87,272,240,0.02,100,2,318,125,42,360
217,419682.53,3268822.07,332,54,0.02,120,1,530,142,46,470
218,410040.87,3266324.19,230,30,0.02,105,1,370,154,52,365
219,409610.86,3267103.33,335,65,0.02,106,2,111,46,30,720
220,414602.7,3277414.32,212,35,0.02,112,1,352,158,27,545
221,414629.41,3278400.55,64,10,0.02,42,1,32,83,19,258
222,413574.69,3278452.8,330,28,0.02,93,1,100,230,38,332
223,412317.45,3277398.76,200,27,0.02,96,1,126,100,24,335
1,426500.58,3313887.81,68,25,0.02,71,2,61,49,24,427
2,425548.21,3312896.73,75,22,0.02,90,2,170,92,45,620
3,425589.52,3311866.04,55,19,0.02,47,1,27,30,18,474
4,426712.99,3310994.07,68,30,0.02,66,2,56,47,21,565
5,425765.18,3315056.3,69,19,0.02,61,2,60,47,27,486
6,421205.82,3317038.34,53,14,0.02,43,2,60,38,20,331
7,419255.22,3318138.44,58,16,0.02,39,2,29,45,20,333
8,421038.92,3317992.39,58,14,0.02,65,2,66,46,24,413
9,423186.71,3317489.84,49,17,0.02,71,2,60,72,27,476
10,424375.3,3317802.93,61,15,0.02,72,2,40,36,21,544
11,425317.79,3317375.48,45,9,0.02,42,2,88,33,21,294
12,427160.24,3317351.99,34,13,0.02,60,1,87,48,27,472
13,427495.75,3318513.36,42,15,0.02,77,1,61,38,21,529
14,427133.87,3317762.21,52,18,0.02,74,2,110,37,24,508
15,425275.87,3318306.63,43,12,0.02,50,2,136,41,21,329
16,420517.71,3315258.87,69,17,0.02,54,1,72,41,22,411
17,423023.67,3316271.8,70,13,0.02,38,1,67,39,24,312
18,424479.1,3316029.05,61,15,0.02,53,1,80,48,25,339
19,423442.84,3314085.87,45,22,0.02,45,1,70,44,17,562
20,423245.96,3313511.04,45,19,0.02,92,1,37,30,17,710
21,423551.83,3313076.68,53,19,0.02,37,1,54,33,15,616
22,424265.72,3313082.76,40,19,0.02,85,1,49,39,22,760
23,420968.08,3313482.68,88,17,0.02,62,1,54,55,28,342
24,421619.89,3312835.27,91,16,0.02,70,1,68,56,27,318
25,424015.55,3311765.75,52,13,0.02,48,1,57,31,18,418
26,424341.48,3311453.24,67,16,0.02,57,1,90,50,34,443
27,427477.41,3305359.55,76,17,0.02,56,1,59,35,21,448
28,427461.27,3307343.31,83,14,0.02,93,1,65,56,41,345
29,427352.07,3308330.25,90,13,0.02,64,1,35,54,38,281
30,427020.04,3309252.29,82,27,0.02,56,1,78,48,27,506
31,426044.22,3309158.99,66,12,0.02,58,1,59,46,32,360
32,426810.55,3306749.21,78,16,0.02,45,1,68,29,18,318
33,426004.6,3306089.59,64,13,0.02,44,1,54,28,20,270
34,425040.09,3306240.21,71,11,0.02,68,1,36,31,22,232
35,423090.8,3307860.36,67,11,0.02,69,1,41,48,27,292
36,423441.26,3306871.7,94,24,0.02,39,1,108,44,20,387
37,421764.74,3306018.89,79,14,0.02,55,1,49,42,21,358
38,421976.61,3307336.12,82,16,0.02,53,1,58,67,22,413
39,419762.68,3305578.95,51,16,0.02,38,1,39,24,14,402
40,420989.9,3305691.9,73,16,0.02,50,1,43,35,22,429
41,421915.33,3304067.55,70,19,0.02,79,1,69,38,22,434
42,422265.47,3301660.39,70,13,0.02,65,4,26,31,22,304
43,422721.26,3301912.12,67,11,0.02,77,1,27,95,34,319
44,422129.5,3302924.67,88,22,0.02,81,1,65,71,32,436
45,422942.68,3300414.54,101,13,0.02,50,1,56,40,19,386
46,422561.86,3299818.81,116,16,0.02,57,1,53,32,18,539
47,423314.54,3299713.83,110,19,0.02,57,1,55,43,23,577
48,425391.26,3302470.06,92,10,0.02,79,1,41,35,15,308
49,425860.95,3303386.78,113,16,0.02,100,1,43,38,17,304
50,425471.48,3304375.61,118,95,0.02,90,1,75,41,22,388
51,425907.4,3304550.03,99,18,0.02,78,1,73,48,25,453
52,416520.05,3307209.69,76,13,0.02,36,1,102,34,16,435
53,416494.56,3308960.87,96,11,0.02,90,1,100,59,30,377
54,416392.84,3309537.84,107,18,0.02,59,1,88,58,26,464
55,416131.44,3309451.25,127,21,0.02,94,1,108,99,33,531
56,416921.24,3307904.83,87,15,0.02,68,1,77,44,19,480
57,417814.01,3307200.03,106,12,0.02,74,1,57,46,23,469
58,418841.25,3308998.83,114,15,0.02,96,1,66,46,24,356
59,419047.8,3308232.59,121,12,0.02,95,1,62,58,27,338
60,418078.32,3306377.96,100,14,0.02,58,1,79,51,16,536
61,417898.47,3305570.38,120,25,0.02,55,1,89,36,16,520
62,419769.11,3309169.42,102,11,0.02,109,1,17,37,19,344
63,418835.67,3306926.61,101,15,0.02,73,1,61,38,18,442
64,418005.14,3308240.25,113,13,0.02,89,2,58,48,26,339
65,417874.08,3308795.43,79,11,0.02,96,2,40,47,25,346
66,413673.81,3305037.21,120,25,0.02,64,2,112,47,21,582
67,414472.4,3304632.17,131,18,0.02,74,2,70,64,20,413
68,415588.16,3305277.41,113,19,0.02,50,2,66,33,15,510
69,414500.25,3303224.44,80,15,0.02,52,2,54,35,19,518
70,412329.47,3303551.65,96,23,0.02,60,2,62,37,17,551
71,420652.89,3303123.44,88,12,0.02,44,2,55,45,15,312
72,419820.48,3302918.89,108,16,0.02,64,2,55,38,19,408
73,419847.59,3302641.59,87,15,0.02,58,2,50,38,18,440
74,418802.63,3302405.47,123,22,0.02,61,2,56,50,21,474
75,418644.14,3301896.81,85,15,0.02,56,1,78,40,19,420
76,417949.57,3302012.67,105,16,0.02,60,2,75,43,19,454
77,418880.22,3301119.37,111,21,0.02,60,2,57,38,18,400
78,419061.33,3300785.57,106,30,0.02,88,2,151,50,28,766
79,418474.95,3299881.18,104,18,0.02,65,2,66,48,19,369
80,418938.04,3298481.51,99,18,0.02,83,2,82,58,32,426
81,418551.07,3298395.56,109,16,0.02,64,2,110,228,29,362
82,420188.45,3298993.28,114,18,0.02,70,4,69,50,23,355
83,419952.77,3298462.97,87,8,0.02,57,2,58,41,20,301
84,419619.12,3300449.04,123,15,0.02,111,2,36,40,22,327
85,426810.36,3303812.51,93,15,0.02,57,2,92,57,18,426
86,426887.84,3302371.56,100,21,0.02,96,2,61,81,23,618
87,427430.26,3301126.67,118,33,1,49,2,31,27,17,278
88,426903.47,3300321.23,135,61,0.02,60,2,35,36,18,331
89,426001.32,3301224.86,102,15,0.02,75,2,121,54,27,450
90,425573.77,3299454.58,74,14,0.02,74,2,54,42,21,546
91,426707.68,3298460.84,155,12,0.02,96,2,32,42,25,241
92,425219.64,3298481.94,80,32,0.02,79,4,71,46,24,563
93,424454.32,3299617.27,60,15,0.02,65,2,82,57,25,402
94,423739.49,3303899.74,90,21,0.02,76,2,38,42,24,433
95,423149.13,3302341.18,79,15,0.02,76,2,61,52,27,370
96,423519.5,3302826.25,79,27,0.02,273,1,50,44,28,464
97,422856.67,3297788.72,70,18,0.02,64,1,130,59,29,338
98,423494.18,3297695.76,77,14,0.02,42,2,95,38,22,367
99,423894.06,3295410.09,205,65,0.02,43,2,53,22,15,393
100,425445.07,3296086.74,92,29,0.02,40,2,40,25,17,139
101,411793.32,3304154.28,70,20,0.02,54,1,35,28,17,423
102,412027.72,3303276.92,73,26,0.02,70,1,67,35,22,498
103,412809.67,3301963.22,55,22,0.02,55,2,35,29,20,314
104,411164.82,3301676.93,81,35,0.02,46,4,59,225,39,445
105,413888.73,3302819.1,55,15,0.02,60,1,56,44,27,573
106,417077.6,3304279.94,77,18,0.02,56,2,97,44,28,471
107,421258.45,3297256.91,108,20,0.02,74,2,74,93,16,359
108,420827.01,3296362.3,92,18,0.02,62,4,80,50,12,316
109,419479.51,3297147.67,91,19,0.02,56,2,125,93,28,471
110,418876.51,3296664.63,86,24,0.02,640,4,128,46,21,546
111,417777.69,3295752.82,114,13,0.02,57,2,103,42,21,458
112,418265.62,3295062.08,40,6,0.02,60,2,112,43,18,628
113,417952.58,3294565.77,106,14,0.02,133,4,77,34,15,448
114,409650.18,3292413.52,126,22,0.02,70,2,73,55,24,537
115,411609.23,3291910.2,67,14,0.02,51,2,87,51,21,464
116,412095.76,3292283.23,75,10,0.02,49,2,84,47,20,529
117,417210.71,3293585.02,76,14,0.02,75,4,94,46,20,534
118,409831.75,3300490.87,101,29,0.02,72,2,68,45,20,482
119,409936.02,3299027.12,129,21,0.02,109,2,62,49,24,485
120,410461.84,3298358.11,90,46,0.02,80,2,52,48,22,482
121,405290.74,3295984.89,95,16,0.02,53,1,75,47,21,594
122,412192.98,3308284.72,109,14,0.02,78,1,54,58,29,459
123,411540.89,3308866.11,94,11,0.02,66,1,27,42,20,375
124,412926.19,3309442.55,104,16,0.02,84,2,103,88,35,532
125,410759.16,3310080.37,155,24,0.02,92,4,93,70,34,499
126,410082.53,3312379.9,78,11,0.02,77,2,56,50,24,546
127,410476.35,3313318.6,115,19,0.02,48,1,62,41,22,428
128,411790.26,3313496.6,63,14,0.02,49,1,62,47,20,576
129,410496.94,3314681.59,57,7,0.02,60,1,53,59,19,643
130,411653.98,3314550.34,98,13,0.02,75,2,59,59,18,628
131,426805.1,3297130.52,117,33,0.02,55,1,39,47,15,280
132,426678.3,3293995.17,115,11,0.02,73,2,50,61,18,361
133,427361.9,3292106.84,120,13,0.02,66,2,57,57,16,286
134,427272.51,3294689.41,134,14,0.02,113,2,68,76,20,381
135,426063.55,3294608.8,99,10,0.02,66,2,67,66,20,381
136,423529.94,3294470.75,220,157,0.02,54,1,80,106,31,895
137,424665.17,3295094.57,127,40,0.02,52,1,70,78,31,372
138,409081.96,3315092.21,72,10,0.02,59,2,62,82,31,537
139,407657.15,3317796.96,86,219,0.02,284,2,67,152,52,639
140,407500.91,3318740.18,82,26,0.02,85,2,56,122,33,508
141,406939.43,3317348.52,64,17,0.02,81,2,37,71,30,360
142,406802.64,3316008.68,80,17,0.02,70,1,47,106,34,278
143,405816.12,3315740.13,78,12,0.02,75,2,53,40,39,292
144,404975.81,3315658.53,96,32,0.02,90,2,54,105,34,437
145,404712.33,3316436.56,63,14,0.02,76,1,52,92,33,421
146,404456.62,3315851.34,109,20,0.02,120,2,68,106,39,441
147,404945.63,3314373.18,94,20,0.02,92,2,47,121,34,368
148,403809.91,3313607.22,103,13,0.02,89,2,50,104,39,233
149,403618.09,3312633.79,130,14,0.02,56,2,42,83,36,185
150,415669.9,3318575.06,126,14,0.02,47,2,108,63,42,293
151,416663,3318467.97,62,33,0.02,61,4,89,33,27,386
152,413889.97,3317912.81,62,8,0.02,57,2,67,53,42,254
153,406113.15,3308656.01,97,20,0.02,100,2,101,94,61,429
154,405638.18,3310710.19,62,16,0.02,73,4,25,16,26,342
155,405957.36,3310785.05,66,16,0.02,83,1,21,8,18,389
156,406946.84,3312494.36,63,20,0.02,56,1,25,8,19,380
157,407102.87,3313845.23,60,27,0.02,76,1,19,16,14,426
158,406718.53,3315200.44,70,16,0.02,61,4,42,15,28,450
159,409315.21,3318847.11,65,13,0.02,37,2,24,5,13,305
160,408322.4,3316583.4,73,9,0.02,86,1,81,112,44,583
162,411012.88,3317636.49,113,15,0.02,62,1,58,80,34,562
163,412241.63,3318092.12,34,8,0.02,49,2,64,36,13,300
164,412056.06,3316553.09,49,7,0.02,59,1,41,53,24,456
165,413341.37,3315623.04,80,12,0.02,70,1,65,88,34,598
166,413335.71,3316121.93,80,10,0.02,63,1,76,79,34,493
167,408865.89,3299346.12,91,9,0.02,59,1,33,48,28,272
168,408788.35,3300499.37,30,2,0.02,61,2,64,55,26,315
169,407909.92,3299420.57,31,6,0.02,38,2,40,36,16,319
170,407708.36,3300763.2,286,44,0.02,65,2,78,91,49,548
171,407160.23,3301066.85,111,35,0.02,55,2,35,58,31,556
172,406333.4,3299256.38,101,14,0.02,64,2,49,58,29,492
173,406330.68,3297793.49,147,16,0.02,52,4,81,55,29,545
174,406050.74,3296687.82,39,6,0.02,43,2,40,33,17,420
175,407874.62,3297514.7,51,7,0.02,55,2,31,38,20,358
176,404182.62,3297523.65,136,13,0.02,58,2,132,33,20,566
177,405001.89,3298392.15,116,13,0.02,52,1,117,21,15,702
178,404545,3300313.23,111,12,0.02,70,1,125,34,24,492
179,404965.62,3299800.01,133,15,0.02,71,1,198,40,26,356
180,403982.6,3298955.12,163,19,0.02,70,1,143,32,21,359
181,405213.51,3301681.67,155,18,0.02,55,2,173,32,18,548
182,405704.26,3302575.21,126,14,0.02,122,1,118,31,20,544
183,404599.52,3303316.21,105,13,0.02,57,2,68,18,13,415
184,403841.78,3303943.34,71,2,0.02,59,1,52,9,12,381
185,404054.2,3302811.06,85,11,0.02,81,1,105,24,18,475
186,403626.81,3301418.4,95,8,0.02,56,1,53,11,12,378
187,406908.19,3303274.44,119,12,0.02,47,1,220,22,14,485
188,415832.73,3314584.36,101,17,0.02,55,1,159,26,16,562
189,417624.32,3314138.62,127,11,0.02,66,1,152,32,22,367
190,419641.56,3312860.44,117,13,0.02,68,1,244,39,25,427
191,418488.95,3312325.85,89,14,0.02,60,1,86,23,13,419
192,416582.19,3312872.06,66,19,0.02,175,1,99,56,30,446
193,415196.25,3313381.22,47,14,0.02,173,4,46,46,28,580
194,414836.72,3311821.51,58,22,0.02,177,8,117,63,32,593
195,416030.33,3311369.15,51,20,0.02,153,12,92,56,26,503
196,417728.48,3309971.09,64,20,0.02,173,8,135,63,35,510
197,419711.67,3310543.95,67,15,0.02,182,4,94,54,30,379
198,421198.02,3310511.09,45,8,0.02,207,1,49,54,34,366
199,421642.5,3311970.82,66,20,0.02,165,1,82,88,35,392
200,422190.58,3311634.48,50,10,0.02,212,1,80,52,33,460
201,406872.82,3306000.85,45,12,0.02,103,1,79,37,45,811
202,405860.34,3306164.54,85,17,0.02,78,2,211,55,46,664
203,405039.69,3306182.73,49,28,0.02,121,2,74,46,50,699
204,404128.57,3306944.12,93,23,0.02,206,2,113,38,40,811
205,405122.54,3307988.24,55,18,0.02,55,1,106,47,44,394
206,406508.84,3307489.04,46,22,0.02,111,2,173,53,45,751
207,407205.58,3306496.7,45,14,0.02,77,1,191,57,46,665
208,411310.21,3311383.72,135,9,0.02,92,2,79,92,42,471
209,409358.59,3311155.59,101,8,0.02,83,2,85,88,39,516
210,409762.56,3309800.33,90,41,0.02,76,4,33,44,18,1200
211,410767.79,3308772.74,144,11,0.02,81,2,52,53,29,549
212,410851.95,3308428.37,123,17,0.02,72,2,79,66,33,398
213,414471.66,3308266.92,86,10,0.02,60,2,63,64,22,483
214,412241.34,3307087.54,254,17,0.02,165,2,54,70,30,540
215,412573.11,3306276,114,8,0.02,81,2,63,74,32,541
216,411268.12,3306120,108,11,0.02,83,2,69,85,39,451
217,411687.57,3305451.68,102,39,0.02,108,4,82,43,17,535
218,410175.19,3304721.47,52,43,0.02,171,8,110,48,44,609
219,410491.64,3304441.8,49,49,0.02,106,4,90,54,44,652
220,415951.72,3299711.62,35,13,0.02,75,1,59,39,43,477
221,414069.18,3292433.99,36,12,0.02,47,2,94,43,39,490
222,413578.75,3294022.62,65,15,0.02,84,1,60,14,25,681
223,416756.03,3297444.79,149,14,0.02,56,12,104,64,55,292
224,421741.6,3291712.81,64,34,0.02,68,1,108,63,49,445
225,420556.65,3292363.94,31,17,0.02,46,1,114,14,27,686
226,420885.35,3293724.48,25,9,0.02,26,2,157,8,22,932
227,418867.68,3291445.24,55,16,0.02,68,2,80,69,39,468
228,419392.11,3293114.6,94,18,0.02,60,2,85,41,47,442
229,417843.89,3292926.58,46,14,0.02,82,4,114,36,40,614
230,419139.48,3294235.82,31,10,0.02,42,2,115,24,28,612
231,419642.37,3295650.66,44,14,0.02,56,4,108,32,37,528
232,420892.78,3301570.3,44,18,0.02,72,2,58,42,44,502
233,416178.3553,3292595.287,21,6,0.02,38,2,104,22,32,531
234,414654.51,3294357.81,99,11,0.02,35,2,83,26,38,428
235,415876.46,3294869.33,43,11,0.02,62,2,78,40,44,443
236,416785.71,3294951.28,34,13,0.02,39,2,104,17,18,411
237,416598.62,3295772.57,34,12,0.02,45,2,162,41,40,383
238,414645.18,3295643.42,77,21,0.02,53,2,92,30,41,360
239,421141.68,3302576.96,53,10,0.02,60,1,58,42,52,464
240,407444.41,3295745.27,32,15,0.02,45,1,62,26,36,471
241,407261.34,3293508.15,76,17,0.02,35,2,66,31,38,493
242,406330.47,3293161.25,29,10,0.02,34,1,86,13,29,413
243,409229.4,3294145.73,48,21,0.02,49,1,74,55,53,573
244,410759.76,3296937.21,40,13,0.02,56,2,36,20,34,415
245,411810.67,3299045.51,53,8,0.02,61,1,66,37,47,299
246,411763.8,3298015.23,63,15,0.02,74,2,86,54,58,399
247,412689.97,3296567.24,106,12,0.02,61,1,76,44,53,321
249,410990.41,3294331.07,69,21,0.02,45,1,99,59,29,435
250,411569.61,3293007.73,79,13,0.02,51,2,65,37,25,423
251,419280.93,3303111.13,90,16,0.02,58,2,51,43,29,400
252,418501.43,3303493.68,77,18,0.02,68,2,64,47,29,446
253,417971.82,3301081.64,69,14,0.02,63,2,81,41,27,351
254,417550.96,3299045.69,109,18,0.02,69,2,104,66,34,385
255,416041.02,3298746.69,89,14,0.02,61,2,83,43,27,318
256,414614.38,3300475.33,113,15,0.02,72,2,78,48,33,467
257,413559.89,3299053.77,92,14,0.02,73,1,60,48,30,380
258,423054.28,3292767.47,154,30,0.02,54,2,65,35,26,439
259,424400.1,3293090.75,395,58,0.02,55,2,81,106,24,531
260,422508.91,3293635.51,381,103,0.02,58,2,129,67,32,784